Timestamp(ms),CO_PPM,Temperature(C),Pressure(hPa),Humidity(%),Altitude(m),Status
3472,68.28,20.12,1005.13,45.43,67.79,Unsafe
5487,1000.00,20.11,1005.14,45.25,67.77,Unsafe
7503,1000.00,20.11,1005.13,45.49,67.80,Unsafe
9519,952.30,20.12,1005.13,45.37,67.80,Unsafe
11535,976.72,20.14,1005.13,45.48,67.83,Unsafe
13551,928.60,20.16,1005.13,45.45,67.81,Unsafe
15567,757.14,20.18,1005.13,45.57,67.79,Unsafe
17583,588.23,20.20,1005.13,45.24,67.79,Unsafe
19599,445.87,20.22,1005.14,45.15,67.77,Unsafe
21615,340.32,20.25,1005.13,44.89,67.80,Unsafe
23633,262.00,20.27,1005.13,44.84,67.81,Unsafe
25649,192.87,20.30,1005.13,44.79,67.84,Unsafe
Timestamp(ms),CO_PPM,Temperature(C),Pressure(hPa),Humidity(%),Altitude(m),Status
3461,2.43,21.95,997.09,54.74,135.44,Safe
5477,8.73,21.94,997.09,54.79,135.38,Warning
7493,13.73,21.93,997.10,54.70,135.33,Warning
9509,13.26,21.93,997.11,54.75,135.27,Warning
11525,11.22,21.92,997.11,54.75,135.26,Warning
13541,9.13,21.92,997.11,54.60,135.28,Warning
15557,7.59,21.92,997.11,54.48,135.28,Warning
17575,6.52,21.91,997.11,54.47,135.27,Warning
Timestamp(ms),CO_PPM,Temperature(C),Pressure(hPa),Humidity(%),Altitude(m),Status
3461,15.45,19.69,1003.89,39.05,78.25,Warning
5477,38.90,19.68,1003.89,38.52,78.21,Unsafe
7493,51.16,19.68,1003.89,37.83,78.19,Unsafe
9509,49.29,19.68,1003.90,37.25,78.17,Unsafe
11525,43.92,19.69,1003.90,36.99,78.15,Unsafe
13541,36.52,19.69,1003.90,36.79,78.15,Unsafe
15557,30.56,19.70,1003.90,37.33,78.14,Unsafe
17573,25.17,19.71,1003.90,36.91,78.12,Warning
19591,21.18,19.72,1003.90,36.65,78.10,Warning
21607,18.62,19.73,1003.90,37.32,78.11,Warning
23623,30.92,19.74,1003.90,36.87,78.11,Unsafe
25639,30.21,19.75,1003.90,36.51,78.10,Unsafe
27655,31.28,19.76,1003.90,36.38,78.10,Unsafe
29671,26.47,19.77,1003.90,36.26,78.15,Warning
31687,27.80,19.78,1003.90,36.14,78.15,Warning
33703,29.86,19.78,1003.90,35.97,78.18,Warning
35719,36.13,19.79,1003.90,35.91,78.12,Unsafe
37735,142.44,19.80,1003.90,35.91,78.12,Unsafe
39751,147.25,19.81,1003.90,35.92,78.12,Unsafe
41769,151.18,19.82,1003.90,35.97,78.17,Unsafe
43785,132.30,19.83,1003.89,36.08,78.20,Unsafe
45801,99.88,19.84,1003.89,36.08,78.20,Unsafe
47817,94.15,19.84,1003.89,36.16,78.20,Unsafe
49833,96.99,19.85,1003.90,36.36,78.18,Unsafe
51849,88.66,19.86,1003.90,36.46,78.16,Unsafe
53865,75.29,19.86,1003.90,36.47,78.18,Unsafe
55881,64.94,19.87,1003.90,36.44,78.14,Unsafe
57897,55.04,19.88,1003.90,36.33,78.17,Unsafe
59913,61.17,19.88,1003.89,36.32,78.20,Unsafe
61929,59.60,19.89,1003.88,36.29,78.29,Unsafe
63945,48.83,19.89,1003.88,36.33,78.33,Unsafe
65963,39.30,19.90,1003.87,36.45,78.39,Unsafe
67979,33.47,19.90,1003.86,36.56,78.44,Unsafe
69995,30.56,19.90,1003.87,36.66,78.43,Unsafe
72011,66.59,19.91,1003.86,36.76,78.45,Unsafe
74027,92.07,19.91,1003.86,36.82,78.43,Unsafe
76043,191.67,19.92,1003.86,36.92,78.44,Unsafe
78059,148.22,19.92,1003.86,37.11,78.46,Unsafe
80075,110.48,19.92,1003.86,37.16,78.45,Unsafe
82091,166.67,19.93,1003.86,37.20,78.51,Unsafe
84107,181.09,19.93,1003.86,37.22,78.51,Unsafe
86123,128.75,19.94,1003.85,37.21,78.52,Unsafe
88141,90.01,19.94,1003.85,37.16,78.55,Unsafe
90157,66.04,19.94,1003.85,37.31,78.53,Unsafe
92173,54.05,19.95,1003.85,37.74,78.52,Unsafe
94189,420.47,19.95,1003.86,39.73,78.51,Unsafe
96205,332.39,19.96,1003.86,40.09,78.51,Unsafe
98221,209.13,19.96,1003.86,39.17,78.50,Unsafe
100237,132.30,19.96,1003.86,39.14,78.49,Unsafe
102253,90.01,19.97,1003.86,38.36,78.51,Unsafe
104269,63.85,19.97,1003.85,38.00,78.55,Unsafe
106285,47.91,19.97,1003.85,37.40,78.55,Unsafe
108301,37.70,19.97,1003.85,36.91,78.55,Unsafe
110315,31.64,19.98,1003.85,36.48,78.55,Unsafe
112331,31.64,19.98,1003.85,36.34,78.55,Unsafe
114369,33.47,19.98,1003.84,36.50,78.60,Unsafe
116385,30.56,19.98,1003.84,36.46,78.61,Unsafe
118401,77.11,19.98,1003.83,36.52,78.69,Unsafe
120417,95.56,19.98,1003.83,36.65,78.72,Unsafe
122433,71.73,19.98,1003.83,36.72,78.73,Unsafe
124449,54.54,19.98,1003.83,36.62,78.70,Unsafe
126465,56.03,19.98,1003.83,36.59,78.76,Unsafe
128481,62.77,19.98,1003.83,36.67,78.75,Unsafe
130516,48.83,19.98,1003.83,36.86,78.76,Unsafe
132534,149.20,19.98,1003.83,36.73,78.75,Unsafe
134552,162.42,19.98,1003.83,36.62,78.75,Unsafe
136570,300.58,19.98,1003.82,36.84,78.78,Unsafe
138588,313.31,19.98,1003.82,37.00,78.79,Unsafe
140606,226.54,19.98,1003.82,37.01,78.80,Unsafe
142624,165.60,19.98,1003.82,36.92,78.79,Unsafe
144642,109.70,19.98,1003.82,36.79,78.84,Unsafe
146660,75.89,19.98,1003.82,36.79,78.85,Unsafe
148678,55.04,19.98,1003.81,36.44,78.86,Unsafe
150696,52.60,19.98,1003.81,36.29,78.89,Unsafe
152716,53.56,19.98,1003.81,36.25,78.91,Unsafe
154734,380.55,19.98,1003.80,36.17,78.94,Unsafe
156752,283.21,19.98,1003.80,36.17,78.95,Unsafe
158770,350.49,19.98,1003.80,36.47,78.95,Unsafe
160788,1000.00,19.98,1003.80,36.48,78.95,Unsafe
162806,877.75,19.98,1003.80,36.30,78.95,Unsafe
164824,541.42,19.98,1003.80,36.54,78.95,Unsafe
166842,311.46,19.98,1003.80,36.62,78.95,Unsafe
168860,186.91,19.98,1003.80,36.23,78.95,Unsafe
170878,121.03,19.98,1003.80,36.07,78.95,Unsafe
172896,84.69,19.98,1003.80,35.87,78.96,Unsafe
174916,66.04,19.98,1003.80,35.80,78.96,Unsafe
176934,53.56,19.98,1003.80,35.75,78.96,Unsafe
178952,52.12,19.98,1003.80,35.75,78.97,Unsafe
180970,46.56,19.98,1003.80,35.79,79.00,Unsafe
182988,37.30,19.98,1003.80,35.90,79.00,Unsafe
185006,31.64,19.98,1003.80,35.96,78.97,Unsafe
187024,28.48,19.98,1003.80,35.81,78.99,Warning
189042,26.80,19.98,1003.80,35.84,79.01,Warning
191060,33.47,19.98,1003.80,36.08,79.01,Unsafe
193078,28.14,19.99,1003.80,36.04,78.97,Warning
195096,24.53,19.98,1003.80,36.12,78.98,Warning
197116,22.07,19.99,1003.80,36.46,78.96,Warning
199134,20.02,19.99,1003.80,36.41,78.96,Warning
201152,18.62,19.99,1003.80,36.33,78.97,Warning
203170,18.07,19.99,1003.80,36.42,78.95,Warning
205188,21.48,19.99,1003.80,36.64,78.95,Warning
207206,29.51,19.99,1003.80,36.45,78.97,Warning
209224,32.36,19.99,1003.80,36.24,78.96,Unsafe
211242,26.80,19.99,1003.80,36.34,79.00,Warning
213260,22.37,19.99,1003.79,36.30,79.03,Warning
215278,19.46,19.99,1003.79,36.11,79.03,Warning
217298,17.53,19.99,1003.79,36.02,79.04,Warning
219316,16.48,19.99,1003.79,36.00,79.06,Warning
221334,16.48,19.99,1003.78,36.12,79.11,Warning
223352,15.45,19.99,1003.78,36.04,79.12,Warning
225370,14.70,19.98,1003.78,36.29,79.12,Warning
227388,14.21,19.98,1003.79,36.12,79.09,Warning
229406,13.73,19.98,1003.79,36.02,79.04,Warning
231424,23.29,19.98,1003.79,35.91,79.05,Warning
233442,20.60,19.98,1003.79,35.87,79.05,Warning
235460,18.07,19.97,1003.79,35.93,79.06,Warning
237478,16.22,19.97,1003.79,35.91,79.05,Warning
239498,14.70,19.97,1003.79,35.93,79.09,Warning
241516,13.49,19.97,1003.78,35.91,79.14,Warning
243534,13.02,19.97,1003.78,35.90,79.13,Warning
245552,47.01,19.97,1003.79,38.42,79.10,Unsafe
247570,50.69,19.97,1003.79,37.29,79.10,Unsafe
249588,63.30,19.97,1003.78,36.59,79.11,Unsafe
251606,52.12,19.97,1003.78,36.34,79.14,Unsafe
253624,40.53,19.97,1003.78,36.30,79.17,Unsafe
255642,30.56,19.97,1003.78,36.09,79.17,Unsafe
257660,23.59,19.97,1003.78,36.15,79.15,Warning
259678,19.46,19.97,1003.78,35.92,79.17,Warning
261698,16.74,19.97,1003.78,35.90,79.18,Warning
263716,46.11,19.97,1003.77,36.14,79.20,Unsafe
265734,39.30,19.97,1003.77,36.04,79.20,Unsafe
267752,30.56,19.97,1003.78,36.10,79.18,Unsafe
269770,23.59,19.97,1003.78,36.12,79.18,Warning
271788,19.18,19.97,1003.78,36.01,79.15,Warning
273806,16.74,19.97,1003.78,35.91,79.17,Warning
275824,14.70,19.97,1003.78,36.06,79.14,Warning
277842,13.73,19.97,1003.78,36.15,79.11,Warning
279860,13.02,19.97,1003.79,36.15,79.10,Warning
281878,37.30,19.97,1003.79,36.14,79.10,Unsafe
283898,47.46,19.97,1003.79,36.19,79.09,Unsafe
285916,472.83,19.97,1003.79,36.13,79.09,Unsafe
287934,1000.00,19.97,1003.79,36.04,79.05,Unsafe
289952,825.00,19.97,1003.79,36.13,79.08,Unsafe
291970,484.08,19.98,1003.79,37.24,79.05,Unsafe
293988,284.90,19.98,1003.79,37.46,79.07,Unsafe
296006,189.27,19.98,1003.79,36.65,79.06,Unsafe
298024,133.20,19.98,1003.79,36.62,79.06,Unsafe
300042,88.66,19.98,1003.79,36.33,79.07,Unsafe
302060,63.30,19.98,1003.79,36.26,79.09,Unsafe
304097,57.54,19.98,1003.79,39.33,79.07,Unsafe
306117,46.11,19.98,1003.79,38.60,79.07,Unsafe
308137,41.36,19.99,1003.79,38.38,79.03,Unsafe
310157,33.10,19.99,1003.79,37.06,79.04,Unsafe
312177,28.48,19.99,1003.79,36.26,79.04,Warning
314197,25.81,19.99,1003.80,36.03,79.01,Warning
316217,23.59,19.99,1003.80,36.02,78.99,Warning
318237,22.07,19.99,1003.80,36.06,79.02,Warning
320257,20.89,19.99,1003.80,36.09,79.02,Warning
322277,19.46,19.99,1003.80,36.22,79.02,Warning
324297,18.62,19.99,1003.80,36.18,79.00,Warning
326319,24.53,19.99,1003.80,36.24,78.94,Warning
328339,39.71,19.99,1003.81,36.16,78.92,Unsafe
330359,40.12,19.99,1003.81,36.08,78.92,Unsafe
332379,30.92,19.99,1003.81,36.11,78.90,Unsafe
334399,24.53,19.99,1003.81,36.19,78.91,Warning
336419,48.37,19.99,1003.80,36.02,78.94,Unsafe
338439,57.04,20.00,1003.81,35.80,78.92,Unsafe
340459,43.49,19.99,1003.80,35.73,78.98,Unsafe
342479,35.36,19.99,1003.80,36.05,79.01,Unsafe
344499,32.36,20.00,1003.79,36.02,79.03,Unsafe
346519,27.13,20.00,1003.79,35.81,79.06,Warning
348541,22.98,20.00,1003.79,35.81,79.05,Warning
350561,126.14,20.00,1003.79,35.94,79.06,Unsafe
352581,181.09,20.00,1003.79,36.11,79.05,Unsafe
354630,121.03,20.00,1003.79,36.24,79.08,Unsafe
356650,112.06,20.00,1003.79,36.23,79.09,Unsafe
358670,94.15,20.00,1003.79,35.89,79.07,Unsafe
360690,78.34,20.00,1003.79,35.99,79.08,Unsafe
362710,66.04,20.00,1003.78,35.92,79.13,Unsafe
364730,63.85,20.00,1003.78,35.92,79.11,Unsafe
366750,80.84,20.00,1003.78,35.90,79.15,Unsafe
368770,82.75,20.00,1003.78,35.83,79.13,Unsafe
370792,85.34,20.00,1003.78,35.81,79.15,Unsafe
372812,90.01,20.00,1003.78,35.83,79.13,Unsafe
374832,113.65,20.00,1003.78,35.86,79.14,Unsafe
376852,145.31,20.00,1003.78,35.79,79.16,Unsafe
378872,128.75,20.01,1003.78,35.69,79.14,Unsafe
380892,155.19,20.01,1003.78,35.61,79.14,Unsafe
382912,110.48,20.00,1003.78,35.67,79.17,Unsafe
384932,98.43,20.01,1003.78,35.74,79.14,Unsafe
386952,72.31,20.00,1003.78,35.70,79.17,Unsafe
388972,53.56,20.00,1003.77,35.99,79.19,Unsafe
390994,40.53,20.00,1003.77,36.19,79.19,Unsafe
393014,36.91,20.00,1003.78,38.19,79.18,Unsafe
395034,30.56,20.00,1003.78,37.72,79.18,Unsafe
397054,37.70,20.01,1003.77,40.69,79.21,Unsafe
399074,34.59,20.01,1003.77,43.22,79.23,Unsafe
401094,34.59,20.02,1003.77,42.67,79.25,Unsafe
403114,36.52,20.03,1003.77,42.47,79.25,Unsafe
405134,29.51,20.03,1003.76,40.34,79.29,Warning
407154,25.49,20.04,1003.76,39.45,79.31,Warning
409174,21.77,20.04,1003.76,38.41,79.34,Warning
411194,19.46,20.05,1003.76,37.04,79.35,Warning
413216,18.07,20.05,1003.76,36.66,79.34,Warning
415236,17.53,20.05,1003.76,36.47,79.35,Warning
417256,18.62,20.05,1003.76,36.42,79.35,Warning
419276,17.27,20.05,1003.76,36.22,79.32,Warning
421296,17.27,20.05,1003.76,36.14,79.28,Warning
423316,21.18,20.05,1003.76,36.01,79.30,Warning
425336,19.18,20.06,1003.77,35.99,79.26,Warning
427356,19.46,20.06,1003.77,37.10,79.24,Warning
429376,21.77,20.06,1003.77,40.30,79.23,Warning
431396,20.60,20.07,1003.77,41.14,79.22,Warning
433416,19.46,20.07,1003.77,40.64,79.20,Warning
435438,17.80,20.08,1003.77,39.57,79.23,Warning
437458,24.53,20.08,1003.78,38.93,79.17,Warning
439478,40.53,20.08,1003.78,38.57,79.15,Unsafe
441498,38.90,20.09,1003.78,37.59,79.11,Unsafe
443518,45.67,20.09,1003.78,36.76,79.12,Unsafe
445536,44.35,20.09,1003.78,36.44,79.11,Unsafe
